{
  "teacher": "Qwen/Qwen3.5-35B-A3B",
  "max_new_tokens": 512,
  "max_prompt_len": 1024,
  "block_seed": null,
  "n_prompts": 60,
  "students": {
    "aceini/q-dist": {
      "status": "scored",
      "kl_global_avg": 0.083225,
      "kl_per_prompt": [
        0.014379,
        0.11539,
        0.015104,
        0.119627,
        0.032213,
        0.156791,
        0.065385,
        0.039107,
        0.175106,
        0.026981,
        0.043886,
        0.051868,
        0.112227,
        0.047028,
        0.225834,
        0.072786,
        0.145563,
        0.01003,
        0.014595,
        0.039767,
        0.02937,
        0.027783,
        0.020986,
        0.124049,
        0.021896,
        0.054975,
        0.05705,
        0.161739,
        0.135001,
        0.09849,
        0.043514,
        0.010182,
        0.059027,
        0.278847,
        0.035598,
        0.126971,
        0.031818,
        0.072787,
        0.050744,
        0.039692,
        0.136566,
        0.152023,
        0.044618,
        0.136412,
        0.101116,
        0.188001,
        0.047541,
        0.046225,
        0.064426,
        0.050063,
        0.043266,
        0.06297,
        0.046392,
        0.015329,
        0.012738,
        0.139646,
        0.154438,
        0.381511,
        0.019993,
        0.146019
      ],
      "prompts_scored": 60,
      "scoring_time": 22.9,
      "load_time": 1.7,
      "early_stopped": false
    },
    "EnvyIrys/moonshine_distillation2": {
      "status": "scored",
      "kl_global_avg": 0.083033,
      "kl_per_prompt": [
        0.014703,
        0.117408,
        0.016258,
        0.116041,
        0.031027,
        0.140802,
        0.066395,
        0.039502,
        0.166703,
        0.024763,
        0.039395,
        0.05914,
        0.110234,
        0.041378,
        0.22594,
        0.071357,
        0.144033,
        0.010478,
        0.015456,
        0.038859,
        0.0268,
        0.028584,
        0.0204,
        0.128396,
        0.021534,
        0.051054,
        0.057184,
        0.157238,
        0.136582,
        0.091467,
        0.040736,
        0.009978,
        0.062969,
        0.281982,
        0.03647,
        0.131354,
        0.030398,
        0.073754,
        0.051802,
        0.042471,
        0.136172,
        0.155855,
        0.043476,
        0.137206,
        0.103689,
        0.189598,
        0.045999,
        0.042723,
        0.079346,
        0.055814,
        0.042571,
        0.053023,
        0.046361,
        0.016491,
        0.012529,
        0.134921,
        0.156334,
        0.390782,
        0.021363,
        0.146695
      ],
      "prompts_scored": 60,
      "scoring_time": 16.5,
      "load_time": 1.6,
      "early_stopped": false
    }
  },
  "timings": {
    "vllm_startup": 0.0,
    "vllm_generation": 134.4,
    "teacher_hf_load": 12.9,
    "teacher_logits_pass": 20.1,
    "teacher_gpu_precompute": 3.7
  }
}