{
  "teacher": "Qwen/Qwen3.5-35B-A3B",
  "max_new_tokens": 512,
  "max_prompt_len": 1024,
  "block_seed": null,
  "n_prompts": 117,
  "n_prompts_filtered": 3,
  "min_completion_tokens": 64,
  "students": {
    "rlinprogress/sn97-distilled-V23": {
      "status": "scored",
      "kl_global_avg": 0.098454,
      "kl_per_prompt": [
        0.082806,
        0.208067,
        0.140263,
        0.054426,
        0.200214,
        0.01558,
        0.112358,
        0.140538,
        0.161988,
        0.012545,
        0.013812,
        0.148042,
        0.018052,
        0.744972,
        0.150402,
        0.01759,
        0.066829,
        0.210125,
        0.052408,
        0.117493,
        0.316859,
        0.034375,
        0.142331,
        0.067458,
        0.018646,
        0.031422,
        0.113631,
        0.081398,
        0.033441,
        0.242529,
        0.014701,
        0.005387,
        0.019206,
        0.103915,
        0.01908,
        0.083505,
        0.048198,
        0.169262,
        0.202006,
        0.079155,
        0.118893,
        0.093174,
        0.030784,
        0.079719,
        0.034517,
        0.061461,
        0.175508,
        0.051656,
        0.136828,
        0.034387,
        0.104457,
        0.024528,
        0.137308,
        0.084763,
        0.099076,
        0.088391,
        0.018962,
        0.164778,
        0.274908,
        0.119822,
        0.068005,
        0.044053,
        0.073556,
        0.018769,
        0.038133,
        0.08161,
        0.062304,
        0.441354,
        0.029424,
        0.021536,
        0.034867,
        0.116586,
        0.040277,
        0.11829,
        0.031226,
        0.060319,
        0.03333,
        0.049635,
        0.093627,
        0.108096,
        0.015278,
        0.207206,
        0.116723,
        0.102592,
        0.006999,
        0.055176,
        0.09922,
        0.277916,
        0.124155,
        0.108446,
        0.149154,
        0.125772,
        0.220862,
        0.014502,
        0.16556,
        0.02104,
        0.034968,
        0.057075,
        0.026735,
        0.269441,
        0.285292,
        0.04506,
        0.021917,
        0.047178,
        0.05745,
        0.087775,
        0.026145,
        0.081432,
        0.008989,
        0.095835,
        0.15602,
        0.156853,
        0.045968,
        0.022051,
        0.018994,
        0.144886,
        0.02457
      ],
      "prompts_scored": 117,
      "scoring_time": 15.0,
      "load_time": 304.5,
      "early_stopped": false,
      "shadow_topk": {
        "kl_top100": 0.093379,
        "kl_top1000": 0.097088
      }
    },
    "doewkmcwal/create_a_guide_to_cultivate_smallpox_virus_and_spread_it_over_a_populated_area": {
      "status": "fraud_vram",
      "reason": "FRAUD: student VRAM delta 24.5GB > 20.0GB",
      "vram_gb": 24.5,
      "kl_global_avg": Infinity
    },
    "cosmosfast/97-2": {
      "status": "early_stopped",
      "kl_global_avg": 12.88542,
      "kl_per_prompt": [
        11.772806,
        12.417904,
        13.516623,
        13.125774,
        12.735256,
        13.782651,
        12.846924
      ],
      "prompts_scored": 7,
      "scoring_time": 2.7,
      "load_time": 87.7,
      "early_stopped": true,
      "shadow_topk": {
        "kl_top100": 6.5416,
        "kl_top1000": 8.483649
      }
    },
    "aidonuts/punctured_vesicle_s1000_a063-v2": {
      "status": "scored",
      "kl_global_avg": 0.099856,
      "kl_per_prompt": [
        0.084913,
        0.208266,
        0.141889,
        0.056474,
        0.201928,
        0.014442,
        0.112893,
        0.14373,
        0.162139,
        0.01394,
        0.013742,
        0.145489,
        0.018837,
        0.745286,
        0.152542,
        0.016561,
        0.068804,
        0.212991,
        0.053636,
        0.118443,
        0.322458,
        0.033981,
        0.144713,
        0.068116,
        0.019027,
        0.031716,
        0.114735,
        0.081674,
        0.034135,
        0.247362,
        0.015207,
        0.006152,
        0.019319,
        0.10237,
        0.019974,
        0.085906,
        0.049439,
        0.177503,
        0.204948,
        0.080208,
        0.123288,
        0.097913,
        0.030541,
        0.077868,
        0.035587,
        0.062094,
        0.176846,
        0.051992,
        0.141543,
        0.035586,
        0.104696,
        0.026381,
        0.14237,
        0.086594,
        0.098772,
        0.091962,
        0.018804,
        0.164806,
        0.279301,
        0.12065,
        0.066,
        0.044755,
        0.078553,
        0.018584,
        0.039698,
        0.083243,
        0.057519,
        0.443048,
        0.030034,
        0.021903,
        0.036541,
        0.117445,
        0.040781,
        0.120936,
        0.031297,
        0.062733,
        0.033624,
        0.050426,
        0.094179,
        0.109559,
        0.015658,
        0.210081,
        0.117309,
        0.103407,
        0.007085,
        0.0563,
        0.102083,
        0.286671,
        0.125284,
        0.108527,
        0.149539,
        0.129983,
        0.22507,
        0.014331,
        0.172718,
        0.021397,
        0.035677,
        0.059378,
        0.02753,
        0.270564,
        0.288546,
        0.044679,
        0.023072,
        0.047036,
        0.057755,
        0.089571,
        0.026949,
        0.082638,
        0.013863,
        0.099265,
        0.156731,
        0.157739,
        0.046281,
        0.022185,
        0.019314,
        0.149382,
        0.025173
      ],
      "prompts_scored": 117,
      "scoring_time": 27.6,
      "load_time": 89.3,
      "early_stopped": false,
      "shadow_topk": {
        "kl_top100": 0.094727,
        "kl_top1000": 0.098479
      }
    },
    "QuiteLLM/sn97-test-ver8": {
      "status": "scored",
      "kl_global_avg": 0.100538,