{
  "teacher": "Qwen/Qwen3.5-35B-A3B",
  "max_new_tokens": 512,
  "max_prompt_len": 1024,
  "block_seed": null,
  "n_prompts": 60,
  "students": {
    "aceini/q-dist": {
      "status": "scored",
      "kl_global_avg": 0.115111,
      "kl_per_prompt": [
        0.096989,
        0.041771,
        0.241393,
        0.041653,
        0.040051,
        0.154496,
        0.144754,
        0.099355,
        0.156582,
        0.17691,
        0.182708,
        0.021717,
        0.102547,
        0.825717,
        0.135925,
        0.144268,
        0.027645,
        0.215889,
        0.016165,
        1.152265,
        0.039633,
        0.016538,
        0.027781,
        0.025959,
        0.127338,
        0.070132,
        0.039387,
        0.034219,
        0.076181,
        0.02857,
        0.051606,
        0.030811,
        0.018776,
        0.124375,
        0.187285,
        0.098083,
        0.131402,
        0.162526,
        0.020034,
        0.195833,
        0.042906,
        0.006372,
        0.180521,
        0.045767,
        0.024334,
        0.03721,
        0.226269,
        0.023907,
        0.067579,
        0.086518,
        0.014409,
        0.019875,
        0.015926,
        0.075252,
        0.032759,
        0.225304,
        0.043785,
        0.091003,
        0.039469,
        0.082255
      ],
      "prompts_scored": 60,
      "scoring_time": 2.8,
      "load_time": 13.3,
      "early_stopped": false
    },
    "slowsnake/qwen35-4b-kd-v5": {
      "status": "scored",
      "kl_global_avg": 0.117009,
      "kl_per_prompt": [
        0.100523,
        0.044203,
        0.242196,
        0.04217,
        0.040436,
        0.163812,
        0.147309,
        0.104085,
        0.164673,
        0.180525,
        0.188616,
        0.02002,
        0.115089,
        0.827153,
        0.145744,
        0.143308,
        0.029065,
        0.223595,
        0.016782,
        1.146932,
        0.039094,
        0.016894,
        0.02803,
        0.027296,
        0.132239,
        0.069949,
        0.040757,
        0.030973,
        0.079353,
        0.024318,
        0.049568,
        0.035622,
        0.019918,
        0.123547,
        0.191367,
        0.107065,
        0.137043,
        0.163843,
        0.021767,
        0.19264,
        0.047026,
        0.006659,
        0.181166,
        0.047117,
        0.025171,
        0.036056,
        0.237685,
        0.025008,
        0.067987,
        0.087371,
        0.01448,
        0.02132,
        0.014241,
        0.077183,
        0.033039,
        0.226825,
        0.044162,
        0.084352,
        0.040371,
        0.085821
      ],
      "prompts_scored": 60,
      "scoring_time": 2.5,
      "load_time": 1.7,
      "early_stopped": false
    }
  },
  "timings": {
    "vllm_startup": 0.0,
    "vllm_generation": 125.1,
    "teacher_hf_load": 12.4,
    "teacher_logits_pass": 20.5,
    "teacher_gpu_precompute": 3.8
  }
}